"","date","TDOC"
"1","2015/06/30",19
"2","2015/07/01",28.5
"3","2015/07/02",28
"4","2015/07/06",26.69000053
"5","2015/07/07",27.01000023
"6","2015/07/08",26.25
"7","2015/07/09",26.65999985
"8","2015/07/10",29.28000069
"9","2015/07/13",30.95999908
"10","2015/07/14",31.95999908
"11","2015/07/15",30.69000053
"12","2015/07/16",30.95000076
"13","2015/07/17",30.60000038
"14","2015/07/20",29.88999939
"15","2015/07/21",30.5
"16","2015/07/22",31.09000015
"17","2015/07/23",30.54000092
"18","2015/07/24",32.15000153
"19","2015/07/27",31.30999947
"20","2015/07/28",30.82999992
"21","2015/07/29",31.56999969
"22","2015/07/30",30.90999985
"23","2015/07/31",31.56999969
"24","2015/08/03",33.20000076
"25","2015/08/04",34.81999969
"26","2015/08/05",33.06000137
"27","2015/08/06",32.06999969
"28","2015/08/07",30.82999992
"29","2015/08/10",30.46999931
"30","2015/08/11",28.76000023
"31","2015/08/12",28.51000023
"32","2015/08/13",29.79000092
"33","2015/08/14",28.52000046
"34","2015/08/17",29.22999954
"35","2015/08/18",28.29999924
"36","2015/08/19",26.85000038
"37","2015/08/20",26.5
"38","2015/08/21",25.63999939
"39","2015/08/24",23.87999916
"40","2015/08/25",23.20000076
"41","2015/08/26",25.28000069
"42","2015/08/27",26.12999916
"43","2015/08/28",27.71999931
"44","2015/08/31",25.73999977
"45","2015/09/01",22.85000038
"46","2015/09/02",22.14999962
"47","2015/09/03",22.40999985
"48","2015/09/04",20.81999969
"49","2015/09/08",20.53000069
"50","2015/09/09",22.55999947
"51","2015/09/10",22.97999954
"52","2015/09/11",23.5
"53","2015/09/14",23.06999969
"54","2015/09/15",22.98999977
"55","2015/09/16",22.05999947
"56","2015/09/17",22.14999962
"57","2015/09/18",21.95999908
"58","2015/09/21",22.23999977
"59","2015/09/22",24.5
"60","2015/09/23",24.45999908
"61","2015/09/24",24.32999992
"62","2015/09/25",22.35000038
"63","2015/09/28",20.62999916
"64","2015/09/29",21
"65","2015/09/30",22.29000092
"66","2015/10/01",22.80999947
"67","2015/10/02",18.23999977
"68","2015/10/05",17.48999977
"69","2015/10/06",16.63999939
"70","2015/10/07",16.22999954
"71","2015/10/08",16.79999924
"72","2015/10/09",17.25
"73","2015/10/12",18.03000069
"74","2015/10/13",18
"75","2015/10/14",18.07999992
"76","2015/10/15",18.12000084
"77","2015/10/16",18
"78","2015/10/19",18.20999908
"79","2015/10/20",17.84000015
"80","2015/10/21",18.59000015
"81","2015/10/22",17.27000046
"82","2015/10/23",18.20000076
"83","2015/10/26",18.42000008
"84","2015/10/27",18.94000053
"85","2015/10/28",20.06999969
"86","2015/10/29",19.67000008
"87","2015/10/30",19.67000008
"88","2015/11/02",19.59000015
"89","2015/11/03",17.59000015
"90","2015/11/04",17.19000053
"91","2015/11/05",16
"92","2015/11/06",15.60999966
"93","2015/11/09",16.20000076
"94","2015/11/10",15.84000015
"95","2015/11/11",16.25
"96","2015/11/12",17.36000061
"97","2015/11/13",17.57999992
"98","2015/11/16",18.22999954
"99","2015/11/17",19.36000061
"100","2015/11/18",19.25
"101","2015/11/19",18.45999908
"102","2015/11/20",19
"103","2015/11/23",19.28000069
"104","2015/11/24",19.81999969
"105","2015/11/25",19.25
"106","2015/11/27",19.52000046
"107","2015/11/30",21.25
"108","2015/12/01",21.52000046
"109","2015/12/02",20.90999985
"110","2015/12/03",21.28000069
"111","2015/12/04",20.87999916
"112","2015/12/07",20.63999939
"113","2015/12/08",19.79000092
"114","2015/12/09",18.78000069
"115","2015/12/10",19.55999947
"116","2015/12/11",19
"117","2015/12/14",18.38999939
"118","2015/12/15",18.45000076
"119","2015/12/16",18.64999962
"120","2015/12/17",18.36000061
"121","2015/12/18",18.10000038
"122","2015/12/21",17.94000053
"123","2015/12/22",17.68000031
"124","2015/12/23",17.39999962
"125","2015/12/24",17.67000008
"126","2015/12/28",17.43000031
"127","2015/12/29",17.78000069
"128","2015/12/30",18.30999947
"129","2015/12/31",17.95999908
"130","2016/01/04",17.98999977
"131","2016/01/05",19.5
"132","2016/01/06",20.65999985
"133","2016/01/07",20.18000031
"134","2016/01/08",19.17000008
"135","2016/01/11",19
"136","2016/01/12",18.62999916
"137","2016/01/13",16.90999985
"138","2016/01/14",17.72999954
"139","2016/01/15",17.02000046
"140","2016/01/19",16.62999916
"141","2016/01/20",15.73999977
"142","2016/01/21",16.34000015
"143","2016/01/22",17.44000053
"144","2016/01/25",16.78000069
"145","2016/01/26",16.70000076
"146","2016/01/27",16.25
"147","2016/01/28",15.52000046
"148","2016/01/29",16.23999977
"149","2016/02/01",15.98999977
"150","2016/02/02",15.88000011
"151","2016/02/03",15.85000038
"152","2016/02/04",15.19999981
"153","2016/02/05",14.13000011
"154","2016/02/08",12.68000031
"155","2016/02/09",11.85999966
"156","2016/02/10",11.98999977
"157","2016/02/11",11.89000034
"158","2016/02/12",11.92000008
"159","2016/02/16",12.35999966
"160","2016/02/17",14.05000019
"161","2016/02/18",14.52000046
"162","2016/02/19",14.96000004
"163","2016/02/22",15.11999989
"164","2016/02/23",14.72000027
"165","2016/02/24",14.90999985
"166","2016/02/25",13.85000038
"167","2016/02/26",14.56999969
"168","2016/02/29",13.82999992
"169","2016/03/01",13.76000023
"170","2016/03/02",13.47000027
"171","2016/03/03",12.75
"172","2016/03/04",12.21000004
"173","2016/03/07",12.5
"174","2016/03/08",11.97999954
"175","2016/03/09",12.35999966
"176","2016/03/10",12.14000034
"177","2016/03/11",12.27999973
"178","2016/03/14",11.84000015
"179","2016/03/15",11.47000027
"180","2016/03/16",11.59000015
"181","2016/03/17",10.64999962
"182","2016/03/18",11.21000004
"183","2016/03/21",11.22999954
"184","2016/03/22",10.93999958
"185","2016/03/23",10.34000015
"186","2016/03/24",9.93999958
"187","2016/03/28",9.5
"188","2016/03/29",9.949999809
"189","2016/03/30",9.899999619
"190","2016/03/31",9.600000381
"191","2016/04/01",10.03999996
"192","2016/04/04",10.02000046
"193","2016/04/05",10.13000011
"194","2016/04/06",10.06999969
"195","2016/04/07",10.30000019
"196","2016/04/08",10.52000046
"197","2016/04/11",10.06999969
"198","2016/04/12",10.36999989
"199","2016/04/13",11.22000027
"200","2016/04/14",11.18999958
"201","2016/04/15",11.23999977
"202","2016/04/18",11.14000034
"203","2016/04/19",11.39999962
"204","2016/04/20",11.57999992
"205","2016/04/21",12.02999973
"206","2016/04/22",11.89999962
"207","2016/04/25",12
"208","2016/04/26",12.07999992
"209","2016/04/27",12.05000019
"210","2016/04/28",12.06999969
"211","2016/04/29",12.14999962
"212","2016/05/02",12.34000015
"213","2016/05/03",11.63000011
"214","2016/05/04",11.25
"215","2016/05/05",10.76000023
"216","2016/05/06",10.85000038
"217","2016/05/09",11.81999969
"218","2016/05/10",11.80000019
"219","2016/05/11",11.64000034
"220","2016/05/12",11.06999969
"221","2016/05/13",10.05000019
"222","2016/05/16",9.579999924
"223","2016/05/17",10.25
"224","2016/05/18",10.02999973
"225","2016/05/19",9.720000267
"226","2016/05/20",9.770000458
"227","2016/05/23",9.989999771
"228","2016/05/24",9.920000076
"229","2016/05/25",10.27999973
"230","2016/05/26",10.84000015
"231","2016/05/27",11.31000042
"232","2016/05/31",11.43000031
"233","2016/06/01",11.61999989
"234","2016/06/02",11.88000011
"235","2016/06/03",11.81999969
"236","2016/06/06",12.25
"237","2016/06/07",12.53999996
"238","2016/06/08",12.61999989
"239","2016/06/09",12.65999985
"240","2016/06/10",12.52999973
"241","2016/06/13",12.5
"242","2016/06/14",12.63000011
"243","2016/06/15",13.03999996
"244","2016/06/16",13.35999966
"245","2016/06/17",12.85999966
"246","2016/06/20",12.94999981
"247","2016/06/21",12.89000034
"248","2016/06/22",12.88000011
"249","2016/06/23",12.94999981
"250","2016/06/24",13.07999992
"251","2016/06/27",13.14000034
"252","2016/06/28",14.57999992
"253","2016/06/29",15.93000031
"254","2016/06/30",16.02000046
"255","2016/07/01",16.07999992
"256","2016/07/05",16.02000046
"257","2016/07/06",15.93000031
"258","2016/07/07",14.88000011
"259","2016/07/08",15.27999973
"260","2016/07/11",15.39999962
"261","2016/07/12",15.98999977
"262","2016/07/13",16.13999939
"263","2016/07/14",15.51000023
"264","2016/07/15",15.44999981
"265","2016/07/18",16.04999924
"266","2016/07/19",17.51000023
"267","2016/07/20",17.54000092
"268","2016/07/21",16.89999962
"269","2016/07/22",17.65999985
"270","2016/07/25",17.46999931
"271","2016/07/26",17.14999962
"272","2016/07/27",17.40999985
"273","2016/07/28",17.78000069
"274","2016/07/29",17.44000053
"275","2016/08/01",17.54000092
"276","2016/08/02",17.97999954
"277","2016/08/03",17.77000046
"278","2016/08/04",15.09000015
"279","2016/08/05",16.63999939
"280","2016/08/08",16.36000061
"281","2016/08/09",16.59000015
"282","2016/08/10",17.23999977
"283","2016/08/11",17.23999977
"284","2016/08/12",17.55999947
"285","2016/08/15",18.21999931
"286","2016/08/16",17.88999939
"287","2016/08/17",18.78000069
"288","2016/08/18",19
"289","2016/08/19",18.37000084
"290","2016/08/22",17.97999954
"291","2016/08/23",18
"292","2016/08/24",17.51000023
"293","2016/08/25",16.69000053
"294","2016/08/26",17.36000061
"295","2016/08/29",17.54999924
"296","2016/08/30",17.69000053
"297","2016/08/31",17.82999992
"298","2016/09/01",17.97999954
"299","2016/09/02",18.5
"300","2016/09/06",18.90999985
"301","2016/09/07",18.95000076
"302","2016/09/08",19.06999969
"303","2016/09/09",18.60000038
"304","2016/09/12",18.39999962
"305","2016/09/13",17.96999931
"306","2016/09/14",18.36000061
"307","2016/09/15",18.97999954
"308","2016/09/16",19.02000046
"309","2016/09/19",18.89999962
"310","2016/09/20",18.61000061
"311","2016/09/21",18.98999977
"312","2016/09/22",18.95000076
"313","2016/09/23",18.63999939
"314","2016/09/26",18.54999924
"315","2016/09/27",18.20000076
"316","2016/09/28",18.11000061
"317","2016/09/29",18.01000023
"318","2016/09/30",18.30999947
"319","2016/10/03",17.82999992
"320","2016/10/04",17.64999962
"321","2016/10/05",17.61000061
"322","2016/10/06",16.54999924
"323","2016/10/07",16.70000076
"324","2016/10/10",17.12000084
"325","2016/10/11",16.47999954
"326","2016/10/12",16.30999947
"327","2016/10/13",16.40999985
"328","2016/10/14",15.77000046
"329","2016/10/17",15.94999981
"330","2016/10/18",16.54999924
"331","2016/10/19",16.35000038
"332","2016/10/20",16.70000076
"333","2016/10/21",16.54999924
"334","2016/10/24",16.45000076
"335","2016/10/25",15.89999962
"336","2016/10/26",15.19999981
"337","2016/10/27",14.89999962
"338","2016/10/28",16.14999962
"339","2016/10/31",16.25
"340","2016/11/01",16.5
"341","2016/11/02",15.94999981
"342","2016/11/03",15.75
"343","2016/11/04",15.80000019
"344","2016/11/07",16.89999962
"345","2016/11/08",17.04999924
"346","2016/11/09",17.10000038
"347","2016/11/10",17.70000076
"348","2016/11/11",17.89999962
"349","2016/11/14",16.95000076
"350","2016/11/15",16.95000076
"351","2016/11/16",17.10000038
"352","2016/11/17",17.45000076
"353","2016/11/18",17.39999962
"354","2016/11/21",17.70000076
"355","2016/11/22",17.85000038
"356","2016/11/23",18.29999924
"357","2016/11/25",18.14999962
"358","2016/11/28",17.95000076
"359","2016/11/29",18.10000038
"360","2016/11/30",18.35000038
"361","2016/12/01",18.14999962
"362","2016/12/02",17.95000076
"363","2016/12/05",18.45000076
"364","2016/12/06",19
"365","2016/12/07",18.79999924
"366","2016/12/08",18.5
"367","2016/12/09",17.70000076
"368","2016/12/12",17.04999924
"369","2016/12/13",16.20000076
"370","2016/12/14",16.85000038
"371","2016/12/15",16.79999924
"372","2016/12/16",16.85000038
"373","2016/12/19",16.39999962
"374","2016/12/20",16.35000038
"375","2016/12/21",16.60000038
"376","2016/12/22",16.75
"377","2016/12/23",16.85000038
"378","2016/12/27",16.75
"379","2016/12/28",16.54999924
"380","2016/12/29",16.64999962
"381","2016/12/30",16.5
"382","2017/01/03",16.5
"383","2017/01/04",16.5
"384","2017/01/05",16.39999962
"385","2017/01/06",16.54999924
"386","2017/01/09",17.39999962
"387","2017/01/10",18.04999924
"388","2017/01/11",18.20000076
"389","2017/01/12",17.89999962
"390","2017/01/13",18.35000038
"391","2017/01/17",17.39999962
"392","2017/01/18",17
"393","2017/01/19",18.39999962
"394","2017/01/20",18.64999962
"395","2017/01/23",18.75
"396","2017/01/24",18.89999962
"397","2017/01/25",18.95000076
"398","2017/01/26",19.54999924
"399","2017/01/27",20.54999924
"400","2017/01/30",20.70000076
"401","2017/01/31",20
"402","2017/02/01",19.70000076
"403","2017/02/02",20.29999924
"404","2017/02/03",20.45000076
"405","2017/02/06",20.20000076
"406","2017/02/07",20.5
"407","2017/02/08",21.39999962
"408","2017/02/09",21.25
"409","2017/02/10",21.70000076
"410","2017/02/13",21.39999962
"411","2017/02/14",21.25
"412","2017/02/15",20.89999962
"413","2017/02/16",21.04999924
"414","2017/02/17",20.75
"415","2017/02/21",20.79999924
"416","2017/02/22",20.75
"417","2017/02/23",20.85000038
"418","2017/02/24",21.14999962
"419","2017/02/27",21.85000038
"420","2017/02/28",22.04999924
"421","2017/03/01",22.45000076
"422","2017/03/02",23.54999924
"423","2017/03/03",22.29999924
"424","2017/03/06",21
"425","2017/03/07",20
"426","2017/03/08",19.79999924
"427","2017/03/09",19.85000038
"428","2017/03/10",21
"429","2017/03/13",21.14999962
"430","2017/03/14",20.95000076
"431","2017/03/15",22.10000038
"432","2017/03/16",22.25
"433","2017/03/17",23.45000076
"434","2017/03/20",23.29999924
"435","2017/03/21",23.95000076
"436","2017/03/22",23.89999962
"437","2017/03/23",23.95000076
"438","2017/03/24",25.45000076
"439","2017/03/27",25.64999962
"440","2017/03/28",25.70000076
"441","2017/03/29",24.95000076
"442","2017/03/30",25.20000076
"443","2017/03/31",25
"444","2017/04/03",24.75
"445","2017/04/04",24.89999962
"446","2017/04/05",25.25
"447","2017/04/06",25.29999924
"448","2017/04/07",24.85000038
"449","2017/04/10",24.75
"450","2017/04/11",24.75
"451","2017/04/12",24.14999962
"452","2017/04/13",24.70000076
"453","2017/04/17",25.45000076
"454","2017/04/18",25.79999924
"455","2017/04/19",25.75
"456","2017/04/20",26.45000076
"457","2017/04/21",25.75
"458","2017/04/24",25.54999924
"459","2017/04/25",25.45000076
"460","2017/04/26",25.75
"461","2017/04/27",25.10000038
"462","2017/04/28",24.79999924
"463","2017/05/01",25.10000038
"464","2017/05/02",25
"465","2017/05/03",24.79999924
"466","2017/05/04",24.85000038
"467","2017/05/05",23.20000076
"468","2017/05/08",22.85000038
"469","2017/05/09",28.60000038
"470","2017/05/10",30.75
"471","2017/05/11",29.70000076
"472","2017/05/12",29.45000076
"473","2017/05/15",28.79999924
"474","2017/05/16",28.54999924
"475","2017/05/17",27.54999924
"476","2017/05/18",28.54999924
"477","2017/05/19",29.64999962
"478","2017/05/22",28.5
"479","2017/05/23",29.04999924
"480","2017/05/24",29.10000038
"481","2017/05/25",30.5
"482","2017/05/26",30.29999924
"483","2017/05/30",29.60000038
"484","2017/05/31",30.60000038
"485","2017/06/01",31
"486","2017/06/02",32.90000153
"487","2017/06/05",32.34999847
"488","2017/06/06",33.45000076
"489","2017/06/07",33.95000076
"490","2017/06/08",33
"491","2017/06/09",31.64999962
"492","2017/06/12",30.70000076
"493","2017/06/13",32.59999847
"494","2017/06/14",33
"495","2017/06/15",33.34999847
"496","2017/06/16",34
"497","2017/06/19",35.79999924
"498","2017/06/20",32.65000153
"499","2017/06/21",33.84999847
"500","2017/06/22",34.65000153
"501","2017/06/23",36
"502","2017/06/26",35.65000153
"503","2017/06/27",34.79999924
"504","2017/06/28",36.15000153
"505","2017/06/29",35.25
"506","2017/06/30",34.70000076
"507","2017/07/03",34.25
"508","2017/07/05",35.09999847
"509","2017/07/06",34.70000076
"510","2017/07/07",35.15000153
"511","2017/07/10",35
"512","2017/07/11",35.20000076
"513","2017/07/12",35.34999847
"514","2017/07/13",34.75
"515","2017/07/14",35.45000076
"516","2017/07/17",34.95000076
"517","2017/07/18",35.15000153
"518","2017/07/19",35.25
"519","2017/07/20",34.45000076
"520","2017/07/21",34.40000153
"521","2017/07/24",34.29999924
"522","2017/07/25",34.70000076
"523","2017/07/26",34.34999847
"524","2017/07/27",32.5
"525","2017/07/28",33.75
"526","2017/07/31",32.79999924
"527","2017/08/01",32.54999924
"528","2017/08/02",30.75
"529","2017/08/03",30.25
"530","2017/08/04",30.89999962
"531","2017/08/07",31.70000076
"532","2017/08/08",32.65000153
"533","2017/08/09",31.95000076
"534","2017/08/10",30.70000076
"535","2017/08/11",30.35000038
"536","2017/08/14",30.70000076
"537","2017/08/15",31.20000076
"538","2017/08/16",30.04999924
"539","2017/08/17",30.14999962
"540","2017/08/18",29.5
"541","2017/08/21",28.95000076
"542","2017/08/22",29.10000038
"543","2017/08/23",29.25
"544","2017/08/24",29.95000076
"545","2017/08/25",29.85000038
"546","2017/08/28",32.65000153
"547","2017/08/29",33.40000153
"548","2017/08/30",33.25
"549","2017/08/31",33.54999924
"550","2017/09/01",34.34999847
"551","2017/09/05",33.20000076
"552","2017/09/06",33
"553","2017/09/07",31.75
"554","2017/09/08",33
"555","2017/09/11",33.75
"556","2017/09/12",34
"557","2017/09/13",34.70000076
"558","2017/09/14",37
"559","2017/09/15",35.95000076
"560","2017/09/18",33.5
"561","2017/09/19",31.35000038
"562","2017/09/20",30.89999962
"563","2017/09/21",31.70000076
"564","2017/09/22",32.70000076
"565","2017/09/25",31.45000076
"566","2017/09/26",31.10000038
"567","2017/09/27",31.35000038
"568","2017/09/28",32.65000153
"569","2017/09/29",33.15000153
"570","2017/10/02",34.20000076
"571","2017/10/03",34.70000076
"572","2017/10/04",34.79999924
"573","2017/10/05",34.34999847
"574","2017/10/06",34.34999847
"575","2017/10/09",33.59999847
"576","2017/10/10",32.29999924
"577","2017/10/11",32.29999924
"578","2017/10/12",32.84999847
"579","2017/10/13",32.15000153
"580","2017/10/16",32.70000076
"581","2017/10/17",34
"582","2017/10/18",34.29999924
"583","2017/10/19",34.04999924
"584","2017/10/20",34.25
"585","2017/10/23",33.20000076
"586","2017/10/24",32.95000076
"587","2017/10/25",32
"588","2017/10/26",31.75
"589","2017/10/27",33
"590","2017/10/30",32
"591","2017/10/31",33.04999924
"592","2017/11/01",30.79999924
"593","2017/11/02",32.04999924
"594","2017/11/03",32.5
"595","2017/11/06",31.25
"596","2017/11/07",31.35000038
"597","2017/11/08",29.60000038
"598","2017/11/09",29.64999962
"599","2017/11/10",29
"600","2017/11/13",29.39999962
"601","2017/11/14",28.29999924
"602","2017/11/15",28.04999924
"603","2017/11/16",28.70000076
"604","2017/11/17",28.39999962
"605","2017/11/20",30.39999962
"606","2017/11/21",33.59999847
"607","2017/11/22",34
"608","2017/11/24",35.25
"609","2017/11/27",36.75
"610","2017/11/28",36.75
"611","2017/11/29",35.54999924
"612","2017/11/30",37.09999847
"613","2017/12/01",35.70000076
"614","2017/12/04",33.59999847
"615","2017/12/05",32.79999924
"616","2017/12/06",31.5
"617","2017/12/07",33.75
"618","2017/12/08",33.54999924
"619","2017/12/11",32.29999924
"620","2017/12/12",33.25
"621","2017/12/13",34.65000153
"622","2017/12/14",34
"623","2017/12/15",35.95000076
"624","2017/12/18",36.34999847
"625","2017/12/19",35.59999847
"626","2017/12/20",35.59999847
"627","2017/12/21",35.20000076
"628","2017/12/22",35.20000076
"629","2017/12/26",35.90000153
"630","2017/12/27",35.59999847
"631","2017/12/28",35.45000076
"632","2017/12/29",34.84999847
"633","2018/01/02",36.20000076
"634","2018/01/03",36.84999847
"635","2018/01/04",37.20000076
"636","2018/01/05",37.5
"637","2018/01/08",36.04999924
"638","2018/01/09",34.5
"639","2018/01/10",33.09999847
"640","2018/01/11",33.20000076
"641","2018/01/12",32.65000153
"642","2018/01/16",32.75
"643","2018/01/17",32.45000076
"644","2018/01/18",31.29999924
"645","2018/01/19",32.65000153
"646","2018/01/22",32.75
"647","2018/01/23",34.54999924
"648","2018/01/24",34.90000153
"649","2018/01/25",35.29999924
"650","2018/01/26",36.5
"651","2018/01/29",36.09999847
"652","2018/01/30",36.29999924
"653","2018/01/31",37.40000153
"654","2018/02/01",37.04999924
"655","2018/02/02",35.29999924
"656","2018/02/05",33.95000076
"657","2018/02/06",34.70000076
"658","2018/02/07",34.09999847
"659","2018/02/08",33.04999924
"660","2018/02/09",32.95000076
"661","2018/02/12",33.79999924
"662","2018/02/13",34.15000153
"663","2018/02/14",35.75
"664","2018/02/15",36.90000153
"665","2018/02/16",37.15000153
"666","2018/02/20",37.75
"667","2018/02/21",38.65000153
"668","2018/02/22",38.79999924
"669","2018/02/23",37.95000076
"670","2018/02/26",38.54999924
"671","2018/02/27",37.29999924
"672","2018/02/28",40.09999847
"673","2018/03/01",38.54999924
"674","2018/03/02",41.95000076
"675","2018/03/05",41.95000076
"676","2018/03/06",43.45000076
"677","2018/03/07",44.04999924
"678","2018/03/08",43.04999924
"679","2018/03/09",43.15000153
"680","2018/03/12",43.25
"681","2018/03/13",42.79999924
"682","2018/03/14",42.95000076
"683","2018/03/15",42.5
"684","2018/03/16",41.25
"685","2018/03/19",41.54999924
"686","2018/03/20",41.79999924
"687","2018/03/21",43.09999847
"688","2018/03/22",42.70000076
"689","2018/03/23",42.29999924
"690","2018/03/26",43.59999847
"691","2018/03/27",41.15000153
"692","2018/03/28",39.15000153
"693","2018/03/29",40.29999924
"694","2018/04/02",38.5
"695","2018/04/03",40
"696","2018/04/04",40.75
"697","2018/04/05",41.40000153
"698","2018/04/06",39.15000153
"699","2018/04/09",38.70000076
"700","2018/04/10",39.70000076
"701","2018/04/11",40.09999847
"702","2018/04/12",41.45000076
"703","2018/04/13",41.15000153
"704","2018/04/16",41.65000153
"705","2018/04/17",42.5
"706","2018/04/18",42.65000153
"707","2018/04/19",43.04999924
"708","2018/04/20",42.75
"709","2018/04/23",42.54999924
"710","2018/04/24",41.15000153
"711","2018/04/25",40.65000153
"712","2018/04/26",42.09999847
"713","2018/04/27",43
"714","2018/04/30",43
"715","2018/05/01",42.70000076
"716","2018/05/02",45.45000076
"717","2018/05/03",41.70000076
"718","2018/05/04",42.20000076
"719","2018/05/07",44.34999847
"720","2018/05/08",45.29999924
"721","2018/05/09",46.65000153
"722","2018/05/10",47
"723","2018/05/11",47.84999847
"724","2018/05/14",48.5
"725","2018/05/15",49.04999924
"726","2018/05/16",49.45000076
"727","2018/05/17",48.70000076
"728","2018/05/18",49.34999847
"729","2018/05/21",49.90000153
"730","2018/05/22",49.59999847
"731","2018/05/23",49.84999847
"732","2018/05/24",50.59999847
"733","2018/05/25",50.70000076
"734","2018/05/29",50.79999924
"735","2018/05/30",51.20000076
"736","2018/05/31",50.90000153
"737","2018/06/01",50.79999924
"738","2018/06/04",51.90000153
"739","2018/06/05",53.79999924
"740","2018/06/06",54.29999924
"741","2018/06/07",53
"742","2018/06/08",53.59999847
"743","2018/06/11",54.70000076
"744","2018/06/12",56.70000076
"745","2018/06/13",59.04999924
"746","2018/06/14",60.59999847
"747","2018/06/15",60.84999847
"748","2018/06/18",62.15000153
"749","2018/06/19",60.45000076
"750","2018/06/20",62.34999847
"751","2018/06/21",61.45000076
"752","2018/06/22",61.59999847
"753","2018/06/25",59.54999924
"754","2018/06/26",59.65000153
"755","2018/06/27",55.70000076
"756","2018/06/28",57.70000076
"757","2018/06/29",58.04999924
"758","2018/07/02",59.40000153
"759","2018/07/03",59.84999847
"760","2018/07/05",62.79999924
"761","2018/07/06",63.34999847
"762","2018/07/09",65.15000153
"763","2018/07/10",62.20000076
"764","2018/07/11",62.70000076
"765","2018/07/12",65.44999695
"766","2018/07/13",66.09999847
"767","2018/07/16",67.05000305
"768","2018/07/17",68.30000305
"769","2018/07/18",69.15000153
"770","2018/07/19",70.40000153
"771","2018/07/20",68.55000305
"772","2018/07/23",69.55000305
"773","2018/07/24",63.70000076
"774","2018/07/25",66.90000153
"775","2018/07/26",65.90000153
"776","2018/07/27",63.84999847
"777","2018/07/30",61.04999924
"778","2018/07/31",59.84999847
"779","2018/08/01",61.84999847
"780","2018/08/02",65.25
"781","2018/08/03",62.5
"782","2018/08/06",66
"783","2018/08/07",66.69999695
"784","2018/08/08",69.34999847
"785","2018/08/09",69
"786","2018/08/10",71.84999847
"787","2018/08/13",69.5
"788","2018/08/14",71.69999695
"789","2018/08/15",70.75
"790","2018/08/16",72.59999847
"791","2018/08/17",73.94999695
"792","2018/08/20",75.30000305
"793","2018/08/21",74.84999847
"794","2018/08/22",75.69999695
"795","2018/08/23",75.80000305
"796","2018/08/24",75.75
"797","2018/08/27",74.05000305
"798","2018/08/28",74.5
"799","2018/08/29",74.05000305
"800","2018/08/30",75.94999695
"801","2018/08/31",77.55000305
"802","2018/09/04",79.15000153
"803","2018/09/05",77.30000305
"804","2018/09/06",76.44999695
"805","2018/09/07",77.05000305
"806","2018/09/10",77.15000153
"807","2018/09/11",78.15000153
"808","2018/09/12",76.94999695
"809","2018/09/13",77.75
"810","2018/09/14",77.30000305
"811","2018/09/17",74.59999847
"812","2018/09/18",76.94999695
"813","2018/09/19",75.44999695
"814","2018/09/20",75.40000153
"815","2018/09/21",78.09999847
"816","2018/09/24",78.5
"817","2018/09/25",80.75
"818","2018/09/26",78.55000305
"819","2018/09/27",82.5
"820","2018/09/28",86.34999847
"821","2018/10/01",83.72000122
"822","2018/10/02",80.37000275
"823","2018/10/03",79.90000153
"824","2018/10/04",78.06999969
"825","2018/10/05",75.83000183
"826","2018/10/08",71
"827","2018/10/09",69.25
"828","2018/10/10",63.43000031
"829","2018/10/11",62.43000031
"830","2018/10/12",65.94000244
"831","2018/10/15",66.37000275
"832","2018/10/16",70.87000275
"833","2018/10/17",69.94999695
"834","2018/10/18",68.23000336
"835","2018/10/19",67.08999634
"836","2018/10/22",69.13999939
"837","2018/10/23",67.18000031
"838","2018/10/24",62.15000153
"839","2018/10/25",65.95999908
"840","2018/10/26",62.50999832
"841","2018/10/29",63.22000122
"842","2018/10/30",67.19000244
"843","2018/10/31",69.33999634
"844","2018/11/01",69.51999664
"845","2018/11/02",72.51000214
"846","2018/11/05",63.34000015
"847","2018/11/06",63.40999985
"848","2018/11/07",68.27999878
"849","2018/11/08",65.33000183
"850","2018/11/09",62.49000168
"851","2018/11/12",60.56000137
"852","2018/11/13",58.50999832
"853","2018/11/14",57.40000153
"854","2018/11/15",60.29000092
"855","2018/11/16",59.08000183
"856","2018/11/19",52.93999863
"857","2018/11/20",54.75999832
"858","2018/11/21",54.91999817
"859","2018/11/23",55.75
"860","2018/11/26",58.40999985
"861","2018/11/27",59.34999847
"862","2018/11/28",63.54000092
"863","2018/11/29",64.08999634
"864","2018/11/30",62.45000076
"865","2018/12/03",64.87999725
"866","2018/12/04",59.81000137
"867","2018/12/06",55.81000137
"868","2018/12/07",53.40999985
"869","2018/12/10",52.34000015
"870","2018/12/11",53.49000168
"871","2018/12/12",53.70999908
"872","2018/12/13",52.45000076
"873","2018/12/14",51.16999817
"874","2018/12/17",47.86999893
"875","2018/12/18",47.99000168
"876","2018/12/19",48.58000183
"877","2018/12/20",45.86999893
"878","2018/12/21",44.00999832
"879","2018/12/24",42.88000107
"880","2018/12/26",48.33000183
"881","2018/12/27",48.33000183
"882","2018/12/28",48.40999985
"883","2018/12/31",49.56999969
"884","2019/01/02",48.18000031
"885","2019/01/03",46.22999954
"886","2019/01/04",49.43999863
"887","2019/01/07",52.13000107
"888","2019/01/08",53.77999878
"889","2019/01/09",55.06999969
"890","2019/01/10",55.54999924
"891","2019/01/11",55.47000122
"892","2019/01/14",57.13000107
"893","2019/01/15",59.24000168
"894","2019/01/16",60.43000031
"895","2019/01/17",63.29000092
"896","2019/01/18",62.38000107
"897","2019/01/22",60.47999954
"898","2019/01/23",60.16999817
"899","2019/01/24",61.02999878
"900","2019/01/25",63
"901","2019/01/28",62.04000092
"902","2019/01/29",60.75999832
"903","2019/01/30",62.06999969
"904","2019/01/31",64.19999695
"905","2019/02/01",63.20000076
"906","2019/02/04",64.41999817
"907","2019/02/05",63.81999969
"908","2019/02/06",64
"909","2019/02/07",62.25
"910","2019/02/08",62.59000015
"911","2019/02/11",63.56999969
"912","2019/02/12",65.76999664
"913","2019/02/13",66.65000153
"914","2019/02/14",66.58000183
"915","2019/02/15",69.43000031
"916","2019/02/19",69.98999786
"917","2019/02/20",69.5
"918","2019/02/21",68.25
"919","2019/02/22",69.15000153
"920","2019/02/25",69.98000336
"921","2019/02/26",67.41000366
"922","2019/02/27",68.98999786
"923","2019/02/28",64.36000061
"924","2019/03/01",67.55000305
"925","2019/03/04",63.13000107
"926","2019/03/05",63.75
"927","2019/03/06",60.15999985
"928","2019/03/07",59.31999969
"929","2019/03/08",58.91999817
"930","2019/03/11",58.74000168
"931","2019/03/12",58.09000015
"932","2019/03/13",60.15000153
"933","2019/03/14",60.93999863
"934","2019/03/15",62.86000061
"935","2019/03/18",63.09999847
"936","2019/03/19",63.11999893
"937","2019/03/20",61.99000168
"938","2019/03/21",63.25999832
"939","2019/03/22",58.77000046
"940","2019/03/25",55.65999985
"941","2019/03/26",52.5
"942","2019/03/27",50.86999893
"943","2019/03/28",53.68000031
"944","2019/03/29",55.59999847
"945","2019/04/01",53.63000107
"946","2019/04/02",55.52000046
"947","2019/04/03",55.45999908
"948","2019/04/04",57.00999832
"949","2019/04/05",58.49000168
"950","2019/04/08",57.06000137
"951","2019/04/09",55.93000031
"952","2019/04/10",56.56999969
"953","2019/04/11",55.15000153
"954","2019/04/12",53.45000076
"955","2019/04/15",54.02999878
"956","2019/04/16",52.54999924
"957","2019/04/17",49.86000061
"958","2019/04/18",51.59999847
"959","2019/04/22",54.95999908
"960","2019/04/23",54.36000061
"961","2019/04/24",54.45999908
"962","2019/04/25",55.02999878
"963","2019/04/26",57.75
"964","2019/04/29",59.18999863
"965","2019/04/30",56.88000107
"966","2019/05/01",58
"967","2019/05/02",58
"968","2019/05/03",60.93000031
"969","2019/05/06",62.54999924
"970","2019/05/07",61.72000122
"971","2019/05/08",61.56000137
"972","2019/05/09",61.5
"973","2019/05/10",60.97000122
"974","2019/05/13",58.02999878
"975","2019/05/14",58.52000046
"976","2019/05/15",59.09999847
"977","2019/05/16",61.47999954
"978","2019/05/17",59.43000031
"979","2019/05/20",60.61000061
"980","2019/05/21",63.18000031
"981","2019/05/22",63.02999878
"982","2019/05/23",59.88999939
"983","2019/05/24",61.20000076
"984","2019/05/28",61.20000076
"985","2019/05/29",58.04000092
"986","2019/05/30",58.09999847
"987","2019/05/31",58.11999893
"988","2019/06/03",53.97999954
"989","2019/06/04",55.75
"990","2019/06/05",55.13999939
"991","2019/06/06",54.27000046
"992","2019/06/07",55.70000076
"993","2019/06/10",57.47000122
"994","2019/06/11",58.06999969
"995","2019/06/12",57.74000168
"996","2019/06/13",59.25999832
"997","2019/06/14",58.66999817
"998","2019/06/17",60.02000046
"999","2019/06/18",60.90999985
"1000","2019/06/19",61.61999893
"1001","2019/06/20",62.77000046
"1002","2019/06/21",63.5
"1003","2019/06/24",62.75
"1004","2019/06/25",60.72999954
"1005","2019/06/26",60.08000183
"1006","2019/06/27",62.81999969
"1007","2019/06/28",66.41000366
"1008","2019/07/01",67.69999695
"1009","2019/07/02",66.91999817
"1010","2019/07/03",67.27999878
"1011","2019/07/05",68.27999878
"1012","2019/07/08",69.13999939
"1013","2019/07/09",69.66999817
"1014","2019/07/10",69.63999939
"1015","2019/07/11",71.09999847
"1016","2019/07/12",70.62000275
"1017","2019/07/15",71.33999634
"1018","2019/07/16",69.19999695
"1019","2019/07/17",68.44000244
"1020","2019/07/18",68.52999878
"1021","2019/07/19",68.55000305
"1022","2019/07/22",70.13999939
"1023","2019/07/23",67.13999939
"1024","2019/07/24",69.23999786
"1025","2019/07/25",66.80999756
"1026","2019/07/26",69.52999878
"1027","2019/07/29",68.5
"1028","2019/07/30",70.13999939
"1029","2019/07/31",68.23999786
"1030","2019/08/01",71.44999695
"1031","2019/08/02",69.62999725
"1032","2019/08/05",65.59999847
"1033","2019/08/06",67.08999634
"1034","2019/08/07",65.94000244
"1035","2019/08/08",66.5
"1036","2019/08/09",64.87000275
"1037","2019/08/12",65.38999939
"1038","2019/08/13",65.91999817
"1039","2019/08/14",61.5
"1040","2019/08/15",56.93999863
"1041","2019/08/16",60.43000031
"1042","2019/08/19",61.11999893
"1043","2019/08/20",60.27999878
"1044","2019/08/21",60.61000061
"1045","2019/08/22",59.77999878
"1046","2019/08/23",56.04999924
"1047","2019/08/26",55.93000031
"1048","2019/08/27",55.29999924
"1049","2019/08/28",55.90000153
"1050","2019/08/29",57.5
"1051","2019/08/30",57.88000107
"1052","2019/09/03",56.47000122
"1053","2019/09/04",59.15999985
"1054","2019/09/05",61.00999832
"1055","2019/09/06",62.31999969
"1056","2019/09/09",62.93000031
"1057","2019/09/10",64.77999878
"1058","2019/09/11",68.08000183
"1059","2019/09/12",69.05000305
"1060","2019/09/13",70.38999939
"1061","2019/09/16",68.16000366
"1062","2019/09/17",68.69999695
"1063","2019/09/18",67.44999695
"1064","2019/09/19",68.73000336
"1065","2019/09/20",72.15000153
"1066","2019/09/23",72.19999695
"1067","2019/09/24",71
"1068","2019/09/25",69
"1069","2019/09/26",68.54000092
"1070","2019/09/27",66.51999664
"1071","2019/09/30",67.72000122
"1072","2019/10/01",66.81999969
"1073","2019/10/02",61.54000092
"1074","2019/10/03",64.30999756
"1075","2019/10/04",66.80999756
"1076","2019/10/07",67.87999725
"1077","2019/10/08",65.58999634
"1078","2019/10/09",67.80999756
"1079","2019/10/10",68.01000214
"1080","2019/10/11",67.44999695
"1081","2019/10/14",68.55999756
"1082","2019/10/15",69.80000305
"1083","2019/10/16",69.01999664
"1084","2019/10/17",70.41999817
"1085","2019/10/18",69.22000122
"1086","2019/10/21",68.62999725
"1087","2019/10/22",68.15000153
"1088","2019/10/23",67.58000183
"1089","2019/10/24",68.30000305
"1090","2019/10/25",69.73000336
"1091","2019/10/28",70.73000336
"1092","2019/10/29",71.52999878
"1093","2019/10/30",69.19999695
"1094","2019/10/31",76.59999847
"1095","2019/11/01",78.36000061
"1096","2019/11/04",80.34999847
"1097","2019/11/05",80.12000275
"1098","2019/11/06",80
"1099","2019/11/07",80.08999634
"1100","2019/11/08",80.66000366
"1101","2019/11/11",81
"1102","2019/11/12",80.76000214
"1103","2019/11/13",79.70999908
"1104","2019/11/14",78.88999939
"1105","2019/11/15",80.94000244
"1106","2019/11/18",78.15000153
"1107","2019/11/19",78.04000092
"1108","2019/11/20",77.44999695
"1109","2019/11/21",77.5
"1110","2019/11/22",81.48000336
"1111","2019/11/25",83.95999908
"1112","2019/11/26",84.90000153
"1113","2019/11/27",85.87999725
"1114","2019/11/29",83.73999786
"1115","2019/12/02",78.44000244
"1116","2019/12/03",78.87999725
"1117","2019/12/04",80.05000305
"1118","2019/12/05",79.34999847
"1119","2019/12/06",80.02999878
"1120","2019/12/09",78.33000183
"1121","2019/12/10",78.11000061
"1122","2019/12/11",77.48000336
"1123","2019/12/12",77.05000305
"1124","2019/12/13",76.30999756
"1125","2019/12/16",78.16000366
"1126","2019/12/17",79.26999664
"1127","2019/12/18",80.94000244
"1128","2019/12/19",82.72000122
"1129","2019/12/20",81.43000031
"1130","2019/12/23",82.79000092
"1131","2019/12/24",82.55999756
"1132","2019/12/26",82.51999664
"1133","2019/12/27",83.34999847
"1134","2019/12/30",83.25
"1135","2019/12/31",83.72000122
"1136","2020/01/02",83.26000214
"1137","2020/01/03",82.95999908
"1138","2020/01/06",86.94000244
"1139","2020/01/07",85.73000336
"1140","2020/01/08",86.22000122
"1141","2020/01/09",85.37000275
"1142","2020/01/10",85.16000366
"1143","2020/01/13",95.97000122
"1144","2020/01/14",96.87000275
"1145","2020/01/15",94
"1146","2020/01/16",96.91000366
"1147","2020/01/17",95.59999847
"1148","2020/01/21",98.25
"1149","2020/01/22",101.4199982
"1150","2020/01/23",102.8000031
"1151","2020/01/24",98.09999847
"1152","2020/01/27",95.97000122
"1153","2020/01/28",99.41999817
"1154","2020/01/29",103.4800034
"1155","2020/01/30",104.75
"1156","2020/01/31",101.7099991
"1157","2020/02/03",101.9899979
"1158","2020/02/04",107.1500015
"1159","2020/02/05",107.0599976
"1160","2020/02/06",108.7399979
"1161","2020/02/07",105.8399963
"1162","2020/02/10",109.6999969
"1163","2020/02/11",110.4300003
"1164","2020/02/12",110
"1165","2020/02/13",112.0199966
"1166","2020/02/14",111.7699966
"1167","2020/02/18",117.2399979
"1168","2020/02/19",117.3600006
"1169","2020/02/20",115.9000015
"1170","2020/02/21",113.5400009
"1171","2020/02/24",114.2600021
"1172","2020/02/25",118.4000015
"1173","2020/02/26",116.8600006
"1174","2020/02/27",135.1499939
"1175","2020/02/28",124.9599991
"1176","2020/03/02",124.4899979
"1177","2020/03/03",123.5800018
"1178","2020/03/04",124.6399994
"1179","2020/03/05",134.3300018
"1180","2020/03/06",135.8999939
"1181","2020/03/09",133.5399933
"1182","2020/03/10",146.0700073
"1183","2020/03/11",137.3999939
"1184","2020/03/12",118.8000031
"1185","2020/03/13",127.9499969
"1186","2020/03/16",116.7399979
"1187","2020/03/17",118.2399979
"1188","2020/03/18",136.9299927
"1189","2020/03/19",139.6300049
"1190","2020/03/20",141.7400055
"1191","2020/03/23",167.4400024
"1192","2020/03/24",162.0200043
"1193","2020/03/25",142.1100006
"1194","2020/03/26",159.5
"1195","2020/03/27",164.1600037
"1196","2020/03/30",163.5599976
"1197","2020/03/31",155.0099945
"1198","2020/04/01",162.5299988
"1199","2020/04/02",159.3200073
"1200","2020/04/03",156.2100067
"1201","2020/04/06",150.1300049
"1202","2020/04/07",141.25
"1203","2020/04/08",139.1000061
"1204","2020/04/09",146.6600037
"1205","2020/04/13",154.1300049
"1206","2020/04/14",157.3300018
"1207","2020/04/15",171.7700043
"1208","2020/04/16",174.25
"1209","2020/04/17",173.2700043
"1210","2020/04/20",181.4600067
"1211","2020/04/21",172.3899994
"1212","2020/04/22",179.6499939
"1213","2020/04/23",187.7299957
"1214","2020/04/24",193.5299988
"1215","2020/04/27",194.8899994
"1216","2020/04/28",181.1499939
"1217","2020/04/29",175.1000061
"1218","2020/04/30",164.5899963
"1219","2020/05/01",169.4299927
"1220","2020/05/04",174.3000031
"1221","2020/05/05",169.5899963
"1222","2020/05/06",176.0099945
"1223","2020/05/07",174.9299927
"1224","2020/05/08",176.5
"1225","2020/05/11",190.6199951
"1226","2020/05/12",184.1499939
"1227","2020/05/13",188.1900024
"1228","2020/05/14",179.5399933
"1229","2020/05/15",184.2299957
"1230","2020/05/18",172.1999969
"1231","2020/05/19",175.6600037
"1232","2020/05/20",171.2700043
"1233","2020/05/21",174.9900055
"1234","2020/05/22",174.1799927
"1235","2020/05/26",164.4700012
"1236","2020/05/27",162.6399994
"1237","2020/05/28",166.8999939
"1238","2020/05/29",174.0599976
"1239","2020/06/01",173.6199951
"1240","2020/06/02",169.8699951
"1241","2020/06/03",164.5899963
"1242","2020/06/04",157.1499939
"1243","2020/06/05",161.6499939
"1244","2020/06/08",166.3500061
"1245","2020/06/09",168.8300018
"1246","2020/06/10",176.7100067
"1247","2020/06/11",173.7299957
"1248","2020/06/12",172.2700043
"1249","2020/06/15",188.2799988
"1250","2020/06/16",188.4100037
"1251","2020/06/17",192.0599976
"1252","2020/06/18",191.9799957
"1253","2020/06/19",201.5299988
"1254","2020/06/22",204.9400024
"1255","2020/06/23",198.0800018
"1256","2020/06/24",197.0099945
"1257","2020/06/25",201.6999969
"1258","2020/06/26",193.2599945
"1259","2020/06/29",187.3500061
"1260","2020/06/30",190.8399963
"1261","2020/07/01",198.8500061
"1262","2020/07/02",208.8899994
"1263","2020/07/06",218
"1264","2020/07/07",217.2599945
"1265","2020/07/08",224.5299988
"1266","2020/07/09",228.4299927
"1267","2020/07/10",228.9799957
"1268","2020/07/13",218.4499969
"1269","2020/07/14",209.2200012
"1270","2020/07/15",221.8300018
"1271","2020/07/16",218.5599976
"1272","2020/07/17",217.7700043
"1273","2020/07/20",227.2700043
"1274","2020/07/21",226.6600037
"1275","2020/07/22",223.9799957
"1276","2020/07/23",219.8800049
"1277","2020/07/24",212.8500061
"1278","2020/07/27",212.75
"1279","2020/07/28",212.6799927
"1280","2020/07/29",218.25
"1281","2020/07/30",237.0700073
"1282","2020/07/31",237.6300049
"1283","2020/08/03",237.1399994
"1284","2020/08/04",249.4199982
"1285","2020/08/05",202.0099945
"1286","2020/08/06",212.5
"1287","2020/08/07",193.7200012
"1288","2020/08/10",193.7400055
"1289","2020/08/11",183.75
"1290","2020/08/12",185.0899963
"1291","2020/08/13",192.0800018
"1292","2020/08/14",187.5
"1293","2020/08/17",205.0200043
"1294","2020/08/18",217.2799988
"1295","2020/08/19",216.5099945
"1296","2020/08/20",218.4100037
"1297","2020/08/21",223.4100037
"1298","2020/08/24",210.6300049
"1299","2020/08/25",212.0099945
"1300","2020/08/26",214.5700073
"1301","2020/08/27",215.7700043
"1302","2020/08/28",208.5700073
"1303","2020/08/31",215.6900024
"1304","2020/09/01",224.1999969
"1305","2020/09/02",223.1499939
"1306","2020/09/03",203.0200043
"1307","2020/09/04",198.2899933
"1308","2020/09/08",192.8500061
"1309","2020/09/09",200.7700043
"1310","2020/09/10",198.1399994
"1311","2020/09/11",189.9100037
"1312","2020/09/14",193.3600006
"1313","2020/09/15",194.7100067
"1314","2020/09/16",193.5200043
"1315","2020/09/17",199.2799988
"1316","2020/09/18",205.4299927
"1317","2020/09/21",202.6600037
"1318","2020/09/22",215.2799988
"1319","2020/09/23",209.2200012
"1320","2020/09/24",203.9499969
"1321","2020/09/25",219
"1322","2020/09/28",215.0899963
"1323","2020/09/29",217.3399963
"1324","2020/09/30",219.2400055
"1325","2020/10/01",220.6799927
"1326","2020/10/02",221.6000061
"1327","2020/10/05",225.2100067
"1328","2020/10/06",217.7200012
"1329","2020/10/07",222.8500061
"1330","2020/10/08",221.4799957
"1331","2020/10/09",218.1100006
"1332","2020/10/12",218
"1333","2020/10/13",231.8000031
"1334","2020/10/14",230.4499969
"1335","2020/10/15",224.3500061
"1336","2020/10/16",221.2899933
"1337","2020/10/19",223.6900024
"1338","2020/10/20",222.2299957
"1339","2020/10/21",216.7700043
"1340","2020/10/22",214.8000031
"1341","2020/10/23",216.3200073
"1342","2020/10/26",212.1499939
"1343","2020/10/27",223.0599976
"1344","2020/10/28",226.9400024
"1345","2020/10/29",217.8899994
"1346","2020/10/30",196.4600067
"1347","2020/11/02",190.3999939
"1348","2020/11/03",195.2400055
"1349","2020/11/04",198.7400055
"1350","2020/11/05",208.5099945
"1351","2020/11/06",206.1399994
"1352","2020/11/09",177.9799957
"1353","2020/11/10",172.4400024
"1354","2020/11/11",182.5500031
"1355","2020/11/12",186.9900055
"1356","2020/11/13",183.0700073
"1357","2020/11/16",177
"1358","2020/11/17",179.3399963
"1359","2020/11/18",181.8699951
"1360","2020/11/19",191.1900024
"1361","2020/11/20",200
"1362","2020/11/23",194.0099945
"1363","2020/11/24",186.4199982
"1364","2020/11/25",190.5899963
"1365","2020/11/27",196.4499969
"1366","2020/11/30",198.7700043
"1367","2020/12/01",195.1900024
"1368","2020/12/02",195.0299988
"1369","2020/12/03",197.2100067
"1370","2020/12/04",203.6600037
"1371","2020/12/07",197.3000031
"1372","2020/12/08",198.2599945
"1373","2020/12/09",192.2799988
"1374","2020/12/10",199.0099945
"1375","2020/12/11",199.5800018
"1376","2020/12/14",194.6300049
"1377","2020/12/15",196.1100006
"1378","2020/12/16",187.0700073
"1379","2020/12/17",196.8099976
"1380","2020/12/18",196.3399963
"1381","2020/12/21",199.75
"1382","2020/12/22",206.0399933
"1383","2020/12/23",209.4199982
"1384","2020/12/24",207.9499969
"1385","2020/12/28",197.8300018
"1386","2020/12/29",198.9799957
"1387","2020/12/30",203.5700073
"1388","2020/12/31",199.9600067
"1389","2021/01/04",200.6300049
"1390","2021/01/05",200.9700012
"1391","2021/01/06",204.1499939
"1392","2021/01/07",228.7799988
"1393","2021/01/08",227.7799988
"1394","2021/01/11",220.8600006
"1395","2021/01/12",230.0899963
"1396","2021/01/13",231.7899933
"1397","2021/01/14",225.5399933
"1398","2021/01/15",225.25
"1399","2021/01/19",232.7200012
"1400","2021/01/20",246.7400055
"1401","2021/01/21",245.5
"1402","2021/01/22",263
"1403","2021/01/25",287.0899963
"1404","2021/01/26",286.230011
"1405","2021/01/27",273.9400024
"1406","2021/01/28",262.8399963
"1407","2021/01/29",263.8299866
"1408","2021/02/01",264.1000061
"1409","2021/02/02",266.8599854
"1410","2021/02/03",271.4100037
"1411","2021/02/04",276.8399963
"1412","2021/02/05",285.0299988
"1413","2021/02/08",294.5400085
"1414","2021/02/09",288.5
"1415","2021/02/10",290.4299927
"1416","2021/02/11",283.6900024
"1417","2021/02/12",293.6600037
"1418","2021/02/16",291.2099915
"1419","2021/02/17",287.8599854
"1420","2021/02/18",283.1000061
"1421","2021/02/19",292.5100098
"1422","2021/02/22",268.7600098
"1423","2021/02/23",256
"1424","2021/02/24",254.5299988
"1425","2021/02/25",219.5500031
"1426","2021/02/26",221.0899963
"1427","2021/03/01",223.3899994
"1428","2021/03/02",217.9199982
"1429","2021/03/03",203.1900024
"1430","2021/03/04",195.9799957
"1431","2021/03/05",189.6900024
"1432","2021/03/08",176.6499939
"1433","2021/03/09",193.0399933
"1434","2021/03/10",184.4499969
"1435","2021/03/11",198.7700043
"1436","2021/03/12",197.9499969
"1437","2021/03/15",201.2400055
"1438","2021/03/16",198.7599945
"1439","2021/03/17",190.1000061
"1440","2021/03/18",185.4299927
"1441","2021/03/19",190.9799957
"1442","2021/03/22",197.2799988
"1443","2021/03/23",193.7400055
"1444","2021/03/24",181.9900055
"1445","2021/03/25",176.1600037
"1446","2021/03/26",176.8899994
"1447","2021/03/29",171.3000031
"1448","2021/03/30",174.7400055
"1449","2021/03/31",181.75
"1450","2021/04/01",182.7899933
"1451","2021/04/05",181.25
"1452","2021/04/06",181.8600006
"1453","2021/04/07",178
"1454","2021/04/08",182.3099976
"1455","2021/04/09",181.2599945
"1456","2021/04/12",182.0099945
"1457","2021/04/13",189.25
"1458","2021/04/14",188.1100006
"1459","2021/04/15",192.3800049
"1460","2021/04/16",190.1000061
"1461","2021/04/19",184.0899963
"1462","2021/04/20",180.9100037
"1463","2021/04/21",182.8300018
"1464","2021/04/22",181.4199982
"1465","2021/04/23",182.4499969
"1466","2021/04/26",190.0599976
"1467","2021/04/27",189.9499969
"1468","2021/04/28",186.3099976
"1469","2021/04/29",170.8600006
"1470","2021/04/30",172.3500061
"1471","2021/05/03",163.2100067
"1472","2021/05/04",158.3699951
"1473","2021/05/05",156.9900055
"1474","2021/05/06",151.8999939
"1475","2021/05/07",151.0399933
"1476","2021/05/10",141.0500031
"1477","2021/05/11",145.7899933
"1478","2021/05/12",140.0800018
"1479","2021/05/13",132.7100067
"1480","2021/05/14",139.6799927
"1481","2021/05/17",137.3600006
"1482","2021/05/18",139.3899994
"1483","2021/05/19",136.9100037
"1484","2021/05/20",141.2899933
"1485","2021/05/21",140.5200043
"1486","2021/05/24",142.3300018
"1487","2021/05/25",144.4600067
"1488","2021/05/26",148.3200073
"1489","2021/05/27",149
"1490","2021/05/28",150.5800018
"1491","2021/06/01",152.3600006
"1492","2021/06/02",152.7400055
"1493","2021/06/03",146.5899963
"1494","2021/06/04",146.5700073
"1495","2021/06/07",151.9499969
"1496","2021/06/08",152.9299927
"1497","2021/06/09",150.4299927
"1498","2021/06/10",154.2899933
"1499","2021/06/11",154.8200073
"1500","2021/06/14",157.4799957
"1501","2021/06/15",152.4299927
"1502","2021/06/16",151.7299957
"1503","2021/06/17",155.8000031
"1504","2021/06/18",156.3099976
"1505","2021/06/21",155.3899994
"1506","2021/06/22",157.6300049
"1507","2021/06/23",160.5
"1508","2021/06/24",163.2700043
"1509","2021/06/25",165.1000061
"1510","2021/06/28",170.4199982
"1511","2021/06/29",171.3600006
"1512","2021/06/30",166.2899933
"1513","2021/07/01",164.6399994
"1514","2021/07/02",164.2599945
"1515","2021/07/06",163.5299988
"1516","2021/07/07",158.2599945
"1517","2021/07/08",157.9400024
"1518","2021/07/09",158.6000061
"1519","2021/07/12",155.9900055
"1520","2021/07/13",154.2100067
"1521","2021/07/14",148.8500061
"1522","2021/07/15",146.2100067
"1523","2021/07/16",146.7799988
"1524","2021/07/19",151.3699951
"1525","2021/07/20",154.8300018
"1526","2021/07/21",153.3200073
"1527","2021/07/22",152.8699951
"1528","2021/07/23",151.5899963
"1529","2021/07/26",149.75
"1530","2021/07/27",151.0099945
"1531","2021/07/28",151.8099976
"1532","2021/07/29",156.0299988
"1533","2021/07/30",148.4499969
"1534","2021/08/02",150.0599976
"1535","2021/08/03",151.4100037
"1536","2021/08/04",149.7299957
"1537","2021/08/05",153.0299988
"1538","2021/08/06",149.2599945
"1539","2021/08/09",150.4799957
"1540","2021/08/10",146.7899933
"1541","2021/08/11",144.4400024
"1542","2021/08/12",145.3000031
"1543","2021/08/13",144
"1544","2021/08/16",139.1699982
"1545","2021/08/17",138.9400024
"1546","2021/08/18",138.2299957
"1547","2021/08/19",135.6000061
"1548","2021/08/20",140.1799927
"1549","2021/08/23",144.5500031
"1550","2021/08/24",145.0800018
"1551","2021/08/25",144.6600037
"1552","2021/08/26",141.5500031
"1553","2021/08/27",142.8300018
"1554","2021/08/30",144.3000031
"1555","2021/08/31",144.4199982
"1556","2021/09/01",145.6799927
"1557","2021/09/02",145.4400024
"1558","2021/09/03",144.5599976
"1559","2021/09/07",142.9799957
"1560","2021/09/08",139.8600006
"1561","2021/09/09",142.4199982
"1562","2021/09/10",142.0700073
"1563","2021/09/13",139.2899933
"1564","2021/09/14",133.7200012
"1565","2021/09/15",133.9600067
"1566","2021/09/16",136.0200043
"1567","2021/09/17",143.1600037
"1568","2021/09/20",135.5200043
"1569","2021/09/21",138.6000061
"1570","2021/09/22",138.6699982
"1571","2021/09/23",138.8000031
"1572","2021/09/24",134.8999939
"1573","2021/09/27",134.7400055
"1574","2021/09/28",130.25
"1575","2021/09/29",125.9199982
"1576","2021/09/30",126.8099976
"1577","2021/10/01",126.7099991
"1578","2021/10/04",122.4000015
"1579","2021/10/05",124.3199997
"1580","2021/10/06",126.3099976
"1581","2021/10/07",130.8000031
"1582","2021/10/08",131.5500031
"1583","2021/10/11",129.6100006
"1584","2021/10/12",131.6799927
"1585","2021/10/13",136.0200043
"1586","2021/10/14",136.8800049
"1587","2021/10/15",135.3999939
"1588","2021/10/18",136.2100067
"1589","2021/10/19",139.7599945
"1590","2021/10/20",140.4799957
"1591","2021/10/21",140.5299988
"1592","2021/10/22",137.7899933
"1593","2021/10/25",141.9799957
"1594","2021/10/26",141.3000031
"1595","2021/10/27",138.6300049
"1596","2021/10/28",149.1799927
"1597","2021/10/29",149.5899963
"1598","2021/11/01",151.5299988
"1599","2021/11/02",147.4199982
"1600","2021/11/03",154.2899933
"1601","2021/11/04",150
"1602","2021/11/05",146.2400055
"1603","2021/11/08",146.2400055
"1604","2021/11/09",143.0599976
"1605","2021/11/10",137.0399933
"1606","2021/11/11",135.5599976
"1607","2021/11/12",136.4199982
"1608","2021/11/15",134.9299927
"1609","2021/11/16",135.9900055
"1610","2021/11/17",134.8500061
"1611","2021/11/18",124
"1612","2021/11/19",116.9899979
"1613","2021/11/22",109.0800018
"1614","2021/11/23",103.2300034
"1615","2021/11/24",106
"1616","2021/11/26",109.6100006
"1617","2021/11/29",106.4100037
"1618","2021/11/30",101.25
"1619","2021/12/01",93.44000244
"1620","2021/12/02",96.59999847
"1621","2021/12/03",92.43000031
"1622","2021/12/06",94.77999878
"1623","2021/12/07",98.41000366
"1624","2021/12/08",102.0500031
"1625","2021/12/09",94.98000336
"1626","2021/12/10",94.01000214
"1627","2021/12/13",92.54000092
"1628","2021/12/14",92.16999817
"1629","2021/12/15",92.94000244
"1630","2021/12/16",87.43000031
"1631","2021/12/17",97.76999664
"1632","2021/12/20",95.51000214
"1633","2021/12/21",96.70999908
"1634","2021/12/22",94.37999725
"1635","2021/12/23",95.08999634
"1636","2021/12/27",93.54000092
"1637","2021/12/28",91.11000061
"1638","2021/12/29",90.12000275
"1639","2021/12/30",94.34999847
"1640","2021/12/31",91.81999969
"1641","2022/01/03",95.08000183
"1642","2022/01/04",91.47000122
"1643","2022/01/05",84.31999969
"1644","2022/01/06",81.76000214
"1645","2022/01/07",82.18000031
"1646","2022/01/10",82.18000031
"1647","2022/01/11",86.31999969
"1648","2022/01/12",81.87999725
"1649","2022/01/13",78.5
"1650","2022/01/14",79.56999969
"1651","2022/01/18",75.69999695
"1652","2022/01/19",75.51000214
"1653","2022/01/20",76.19000244
"1654","2022/01/21",72.90000153
"1655","2022/01/24",75.16000366
"1656","2022/01/25",72.02999878
"1657","2022/01/26",69.58000183
"1658","2022/01/27",67.44000244
"1659","2022/01/28",70.40000153
"1660","2022/01/31",76.70999908
"1661","2022/02/01",80.33999634
"1662","2022/02/02",76.88999939
"1663","2022/02/03",72.86000061
"1664","2022/02/04",74.55000305
"1665","2022/02/07",74.52999878
"1666","2022/02/08",69.94999695
"1667","2022/02/09",75.88999939
"1668","2022/02/10",73.41000366
"1669","2022/02/11",72.83000183
"1670","2022/02/14",70.83999634
"1671","2022/02/15",74.93000031
"1672","2022/02/16",73.76999664
"1673","2022/02/17",70.48999786
"1674","2022/02/18",65
"1675","2022/02/22",65.30000305
"1676","2022/02/23",61.45999908
"1677","2022/02/24",68.94000244
"1678","2022/02/25",70.73999786
"1679","2022/02/28",75.91000366
"1680","2022/03/01",74.20999908
"1681","2022/03/02",72.48999786
"1682","2022/03/03",69.16999817
"1683","2022/03/04",66.77999878
"1684","2022/03/07",63.70000076
"1685","2022/03/08",63.54999924
"1686","2022/03/09",66.26999664
"1687","2022/03/10",60.24000168
"1688","2022/03/11",54.61000061
"1689","2022/03/14",50.79000092
"1690","2022/03/15",54.52999878
"1691","2022/03/16",60.72999954
"1692","2022/03/17",63.93999863
"1693","2022/03/18",68.95999908
"1694","2022/03/21",66.69000244
"1695","2022/03/22",69.87999725
"1696","2022/03/23",69.22000122
"1697","2022/03/24",69.38999939
"1698","2022/03/25",66.70999908
"1699","2022/03/28",69.81999969
"1700","2022/03/29",76.16999817
"1701","2022/03/30",73.06999969
"1702","2022/03/31",72.12999725
"1703","2022/04/01",73.76999664
"1704","2022/04/04",75.86000061
"1705","2022/04/05",71.22000122
"1706","2022/04/06",67.69999695
"1707","2022/04/07",68.79000092
"1708","2022/04/08",66.05999756
"1709","2022/04/11",65.80999756
"1710","2022/04/12",66.76999664
"1711","2022/04/13",68.79000092
"1712","2022/04/14",65.18000031
"1713","2022/04/18",62.00999832
"1714","2022/04/19",64.62000275
"1715","2022/04/20",61.68999863
"1716","2022/04/21",59.04999924
"1717","2022/04/22",58.25
"1718","2022/04/25",60.56000137
"1719","2022/04/26",57.77000046
"1720","2022/04/27",55.99000168
"1721","2022/04/28",33.50999832
"1722","2022/04/29",33.75999832
"1723","2022/05/02",37.13999939
"1724","2022/05/03",38.31999969
"1725","2022/05/04",39.45999908
"1726","2022/05/05",35.59999847
"1727","2022/05/06",33.45000076
"1728","2022/05/09",30.52000046
"1729","2022/05/10",29.77000046
"1730","2022/05/11",28.68000031
"1731","2022/05/12",30.69000053
"1732","2022/05/13",33.59000015
"1733","2022/05/16",31.72999954
"1734","2022/05/17",32.84999847
"1735","2022/05/18",30.87000084
"1736","2022/05/19",32.90999985
"1737","2022/05/20",32.74000168
"1738","2022/05/23",32.99000168
"1739","2022/05/24",30.87000084
"1740","2022/05/25",31.65999985
"1741","2022/05/26",33.45000076
"1742","2022/05/27",35.77000046
"1743","2022/05/31",34.09000015
"1744","2022/06/01",32.61999893
"1745","2022/06/02",36.02999878
"1746","2022/06/03",34.52999878
"1747","2022/06/06",34.61000061
"1748","2022/06/07",34.81999969
"1749","2022/06/08",35.43999863
"1750","2022/06/09",33.27999878
"1751","2022/06/10",31.73999977
"1752","2022/06/13",28.62999916
"1753","2022/06/14",29.27000046
"1754","2022/06/15",30.95999908
"1755","2022/06/16",29.09000015
"1756","2022/06/17",30.67000008
"1757","2022/06/21",31.51000023
"1758","2022/06/22",32.77000046
"1759","2022/06/23",35.88999939
"1760","2022/06/24",37.16999817
"1761","2022/06/27",37.45999908
"1762","2022/06/28",35.08000183
"1763","2022/06/29",34.34999847
"1764","2022/06/30",33.20999908
"1765","2022/07/01",34.83000183
"1766","2022/07/05",38.81000137
"1767","2022/07/06",38.81000137
"1768","2022/07/07",42.22000122
"1769","2022/07/08",41.81000137
"1770","2022/07/11",38.93000031
"1771","2022/07/12",39.81999969
"1772","2022/07/13",40.09999847
"1773","2022/07/14",39.18000031
"1774","2022/07/15",40.58000183
"1775","2022/07/18",39.5
"1776","2022/07/19",41.15000153
"1777","2022/07/20",43.20000076
"1778","2022/07/21",43.65999985
"1779","2022/07/22",41.18000031
"1780","2022/07/25",42.08000183
"1781","2022/07/26",40.18999863
"1782","2022/07/27",43.24000168
"1783","2022/07/28",35.59999847
"1784","2022/07/29",36.84999847
"1785","2022/08/01",36.81000137
"1786","2022/08/02",36.91999817
"1787","2022/08/03",38.5
"1788","2022/08/04",37.45999908
"1789","2022/08/05",37.47999954
"1790","2022/08/08",38.79000092
"1791","2022/08/09",35.40999985
"1792","2022/08/10",37.79000092
"1793","2022/08/11",37.99000168
"1794","2022/08/12",40.31999969
"1795","2022/08/15",40.93000031
"1796","2022/08/16",39.45000076
"1797","2022/08/17",35.95000076
"1798","2022/08/18",35.06000137
"1799","2022/08/19",32.90000153
"1800","2022/08/22",32.70999908
"1801","2022/08/23",32.75999832
"1802","2022/08/24",33.65999985
"1803","2022/08/25",35.00999832
"1804","2022/08/26",32.09999847
"1805","2022/08/29",31.10000038
"1806","2022/08/30",31.11000061
"1807","2022/08/31",31.05999947
"1808","2022/09/01",30.79999924
"1809","2022/09/02",30.18000031
"1810","2022/09/06",29.03000069
"1811","2022/09/07",30.60000038
"1812","2022/09/08",32.40999985
"1813","2022/09/09",33.45999908
"1814","2022/09/12",34.20000076
"1815","2022/09/13",31.30999947
"1816","2022/09/14",31.67000008
"1817","2022/09/15",31.88999939
"1818","2022/09/16",30.48999977
"1819","2022/09/19",30.12999916
"1820","2022/09/20",29.45000076
"1821","2022/09/21",28.84000015
"1822","2022/09/22",27.95999908
"1823","2022/09/23",26.96999931
"1824","2022/09/26",26.42000008
"1825","2022/09/27",26.62999916
"1826","2022/09/28",28.20000076
"1827","2022/09/29",26.22999954
"1828","2022/09/30",25.35000038
"1829","2022/10/03",25.87000084
"1830","2022/10/04",28
"1831","2022/10/05",27.03000069
"1832","2022/10/06",26.80999947
"1833","2022/10/07",25.12999916
"1834","2022/10/10",24.92000008
"1835","2022/10/11",24.70999908
"1836","2022/10/12",25.03000069
"1837","2022/10/13",24.56999969
"1838","2022/10/14",23.15999985
"1839","2022/10/17",24.62999916
"1840","2022/10/18",25.45000076
"1841","2022/10/19",24.25
"1842","2022/10/20",23.92000008
"1843","2022/10/21",24.03000069
"1844","2022/10/24",24.62999916
"1845","2022/10/25",26.75
"1846","2022/10/26",26.73999977
"1847","2022/10/27",28.46999931
"1848","2022/10/28",29.54999924
"1849","2022/10/31",29.63999939
"1850","2022/11/01",28.87999916
"1851","2022/11/02",28.04000092
"1852","2022/11/03",27.71999931
"1853","2022/11/04",27.28000069
"1854","2022/11/07",27.15999985
"1855","2022/11/08",27.25
"1856","2022/11/09",26.76000023
"1857","2022/11/10",30.97999954
"1858","2022/11/11",33.31000137
"1859","2022/11/14",32.29999924
"1860","2022/11/15",32.66999817
"1861","2022/11/16",31.06999969
"1862","2022/11/17",29.95999908
"1863","2022/11/18",28.79000092
"1864","2022/11/21",27.89999962
"1865","2022/11/22",27.81999969
"1866","2022/11/23",28.56999969
"1867","2022/11/25",27.60000038
"1868","2022/11/28",26.48999977
"1869","2022/11/29",27.12999916
"1870","2022/11/30",28.51000023
"1871","2022/12/01",29
"1872","2022/12/02",29.20000076
"1873","2022/12/05",27.07999992
"1874","2022/12/06",26.04000092
"1875","2022/12/07",25.89999962
"1876","2022/12/08",27.09000015
"1877","2022/12/09",27.21999931
"1878","2022/12/12",28
"1879","2022/12/13",28.18000031
"1880","2022/12/14",28.37999916
"1881","2022/12/15",26.95999908
"1882","2022/12/16",27.02000046
"1883","2022/12/19",25.80999947
"1884","2022/12/20",25.84000015
"1885","2022/12/21",26.46999931
"1886","2022/12/22",24.20999908
"1887","2022/12/23",23.53000069
"1888","2022/12/27",22.82999992
"1889","2022/12/28",22.93000031
"1890","2022/12/29",23.85000038
"1891","2022/12/30",23.64999962
"1892","2023/01/03",22.57999992
"1893","2023/01/04",23.34000015
"1894","2023/01/05",22.45000076
"1895","2023/01/06",22.29000092
"1896","2023/01/09",23.20999908
"1897","2023/01/10",23.87000084
"1898","2023/01/11",25.29000092
"1899","2023/01/12",26.03000069
"1900","2023/01/13",26.92000008
"1901","2023/01/17",28.21999931
"1902","2023/01/18",26.36000061
"1903","2023/01/19",24.93000031
"1904","2023/01/20",26.18000031
"1905","2023/01/23",27.65999985
"1906","2023/01/24",27.20000076
"1907","2023/01/25",27.06999969
"1908","2023/01/26",27.68000031
"1909","2023/01/27",29.46999931
"1910","2023/01/30",27.85000038
"1911","2023/01/31",29.39999962
"1912","2023/02/01",30.73999977
"1913","2023/02/02",33.20000076
"1914","2023/02/03",31.43000031
"1915","2023/02/06",30.30999947
"1916","2023/02/07",31.76000023
"1917","2023/02/08",31.11000061
"1918","2023/02/09",30.56999969
"1919","2023/02/10",29.29999924
"1920","2023/02/13",30.09000015
"1921","2023/02/14",30.43000031
"1922","2023/02/15",31.96999931
"1923","2023/02/16",30.42000008
"1924","2023/02/17",30.06999969
"1925","2023/02/21",28.54000092
"1926","2023/02/22",29.43000031
"1927","2023/02/23",27.43000031
"1928","2023/02/24",27.04000092
"1929","2023/02/27",27
"1930","2023/02/28",26.48999977
"1931","2023/03/01",25.87999916
"1932","2023/03/02",25.44000053
"1933","2023/03/03",26.87999916
"1934","2023/03/06",25.55999947
"1935","2023/03/07",25.5
"1936","2023/03/08",25.35000038
"1937","2023/03/09",24.07999992
"1938","2023/03/10",23.53000069
"1939","2023/03/13",24.23999977
"1940","2023/03/14",24.62000084
"1941","2023/03/15",25
"1942","2023/03/16",25.21999931
"1943","2023/03/17",24.56999969
"1944","2023/03/20",24.37999916
"1945","2023/03/21",25.69000053
"1946","2023/03/22",24.48999977
"1947","2023/03/23",24.22999954
"1948","2023/03/24",25.05999947
"1949","2023/03/27",24.53000069
"1950","2023/03/28",24.26000023
"1951","2023/03/29",25.03000069
"1952","2023/03/30",24.43000031
"1953","2023/03/31",25.89999962
"1954","2023/04/03",25.61000061
"1955","2023/04/04",26.12999916
"1956","2023/04/05",25.81999969
"1957","2023/04/06",25.97999954
"1958","2023/04/10",25.70999908
"1959","2023/04/11",26.26000023
"1960","2023/04/12",25.23999977
"1961","2023/04/13",26.12000084
"1962","2023/04/14",25.59000015
"1963","2023/04/17",25.87000084
"1964","2023/04/18",27.34000015
"1965","2023/04/19",28.06999969
"1966","2023/04/20",27.51000023
"1967","2023/04/21",27.79000092
"1968","2023/04/24",28.17000008
"1969","2023/04/25",26.5
"1970","2023/04/26",25.77000046
"1971","2023/04/27",27.40999985
"1972","2023/04/28",26.53000069
"1973","2023/05/01",27.06999969
"1974","2023/05/02",26.03000069
"1975","2023/05/03",25.71999931
"1976","2023/05/04",25.25
"1977","2023/05/05",26.14999962
"1978","2023/05/08",26.09000015
"1979","2023/05/09",25.06999969
"1980","2023/05/10",24.77000046
"1981","2023/05/11",24.85000038
"1982","2023/05/12",24.31999969
"1983","2023/05/15",24.75
"1984","2023/05/16",23.90999985
"1985","2023/05/17",24.37999916
"1986","2023/05/18",24.12999916
"1987","2023/05/19",23.78000069
"1988","2023/05/22",24.64999962
"1989","2023/05/23",24.17000008
"1990","2023/05/24",23.34000015
"1991","2023/05/25",22.87999916
"1992","2023/05/26",22.68000031
"1993","2023/05/30",22.42000008
"1994","2023/05/31",23.14999962
"1995","2023/06/01",23.82999992
"1996","2023/06/02",24.47999954
"1997","2023/06/05",24.79000092
"1998","2023/06/06",25.37999916
"1999","2023/06/07",25.05999947
"2000","2023/06/08",24.34000015
"2001","2023/06/09",23.80999947
"2002","2023/06/12",24.37999916
"2003","2023/06/13",25.34000015
"2004","2023/06/14",24.90999985
"2005","2023/06/15",25.20000076
"2006","2023/06/16",24.89999962
"2007","2023/06/20",24.87999916
"2008","2023/06/21",24.47999954
"2009","2023/06/22",23.89999962
"2010","2023/06/23",23.73999977
"2011","2023/06/26",23.84000015
"2012","2023/06/27",24.36000061
"2013","2023/06/28",25.29000092
"2014","2023/06/29",25.25
"2015","2023/06/30",25.31999969
"2016","2023/07/03",25.61000061
"2017","2023/07/05",24.54999924
"2018","2023/07/06",22.55999947
"2019","2023/07/07",22.56999969
"2020","2023/07/10",23.82999992
"2021","2023/07/11",24.72999954
"2022","2023/07/12",24.54999924
"2023","2023/07/13",25.54000092
"2024","2023/07/14",24.77000046
"2025","2023/07/17",24.95999908
"2026","2023/07/18",25.35000038
"2027","2023/07/19",25.26000023
"2028","2023/07/20",23.62000084
"2029","2023/07/21",23.48999977
"2030","2023/07/24",23.37000084
"2031","2023/07/25",22.78000069
"2032","2023/07/26",28.92000008
"2033","2023/07/27",27.95999908
"2034","2023/07/28",28.26000023
"2035","2023/07/31",29.77000046
"2036","2023/08/01",27.75
"2037","2023/08/02",26.27000046
"2038","2023/08/03",26.03000069
"2039","2023/08/04",26.04999924
"2040","2023/08/07",25.57999992
"2041","2023/08/08",25.93000031
"2042","2023/08/09",24.96999931
"2043","2023/08/10",24.32999992
"2044","2023/08/11",24.05999947
"2045","2023/08/14",23.80999947
"2046","2023/08/15",23.37000084
"2047","2023/08/16",22.87999916
"2048","2023/08/17",23.13999939
"2049","2023/08/18",23.11000061
"2050","2023/08/21",23.19000053
"2051","2023/08/22",22.82999992
"2052","2023/08/23",23.01000023
"2053","2023/08/24",21.94000053
"2054","2023/08/25",22.04000092
"2055","2023/08/28",22.20000076
"2056","2023/08/29",22.60000038
"2057","2023/08/30",22.65999985
"2058","2023/08/31",22.63999939
"2059","2023/09/01",22.87000084
"2060","2023/09/05",22.89999962
"2061","2023/09/06",22.96999931
"2062","2023/09/07",22.57999992
"2063","2023/09/08",22.30999947
"2064","2023/09/11",22.79000092
"2065","2023/09/12",22.45999908
"2066","2023/09/13",21.89999962
"2067","2023/09/14",21.60000038
"2068","2023/09/15",21.20000076
"2069","2023/09/18",20.77000046
"2070","2023/09/19",20.75
"2071","2023/09/20",20.5
"2072","2023/09/21",19.30999947
"2073","2023/09/22",18.78000069
"2074","2023/09/25",19.06999969
"2075","2023/09/26",19.02000046
"2076","2023/09/27",18.87000084
"2077","2023/09/28",18.53000069
"2078","2023/09/29",18.59000015
"2079","2023/10/02",18.43000031
"2080","2023/10/03",18.46999931
"2081","2023/10/04",18.36000061
"2082","2023/10/05",18.54999924
"2083","2023/10/06",18.70000076
"2084","2023/10/09",18.63999939
"2085","2023/10/10",19.46999931
"2086","2023/10/11",19.37999916
"2087","2023/10/12",18.54000092
"2088","2023/10/13",18.51000023
"2089","2023/10/16",18.92000008
"2090","2023/10/17",19.19000053
"2091","2023/10/18",18.42000008
"2092","2023/10/19",18.14999962
"2093","2023/10/20",18.45999908
"2094","2023/10/23",18.01000023
"2095","2023/10/24",18.12000084
"2096","2023/10/25",17.40999985
"2097","2023/10/26",16.09000015
"2098","2023/10/27",15.56999969
"2099","2023/10/30",16.14999962
"2100","2023/10/31",16.54000092
"2101","2023/11/01",16.64999962
"2102","2023/11/02",16.93000031
"2103","2023/11/03",17.37999916
"2104","2023/11/06",16.82999992
"2105","2023/11/07",16.95999908
"2106","2023/11/08",16.20000076
"2107","2023/11/09",15.65999985
"2108","2023/11/10",15.94999981
"2109","2023/11/13",15.65999985
"2110","2023/11/14",17.04999924
"2111","2023/11/15",17.53000069
"2112","2023/11/16",16.92000008
"2113","2023/11/17",17.17000008
"2114","2023/11/20",17.46999931
"2115","2023/11/21",16.92000008
"2116","2023/11/22",17.04999924
"2117","2023/11/24",17.35000038
"2118","2023/11/27",17.20999908
"2119","2023/11/28",18.07999992
"2120","2023/11/29",18.37000084
"2121","2023/11/30",18.13999939
"2122","2023/12/01",18.96999931
"2123","2023/12/04",19.03000069
"2124","2023/12/05",18.51000023
"2125","2023/12/06",18.95999908
"2126","2023/12/07",19.20000076
"2127","2023/12/08",19.20999908
"2128","2023/12/11",19.02000046
"2129","2023/12/12",19.10000038
"2130","2023/12/13",20.12000084
"2131","2023/12/14",21.25
"2132","2023/12/15",20.52000046
"2133","2023/12/18",20.39999962
"2134","2023/12/19",21.57999992
"2135","2023/12/20",20.5
"2136","2023/12/21",21.28000069
"2137","2023/12/22",21.5
"2138","2023/12/26",21.85000038
"2139","2023/12/27",22.06999969
"2140","2023/12/28",22.10000038
"2141","2023/12/29",21.54999924
"2142","2024/01/02",21.93000031
"2143","2024/01/03",21.23999977
"2144","2024/01/04",21.36000061
"2145","2024/01/05",21.39999962
"2146","2024/01/08",22.03000069
"2147","2024/01/09",21.80999947
"2148","2024/01/10",21.79999924
"2149","2024/01/11",20.80999947
"2150","2024/01/12",20.87000084
"2151","2024/01/16",20.19000053
"2152","2024/01/17",19.44000053
"2153","2024/01/18",19.85000038
"2154","2024/01/19",20.23999977
"2155","2024/01/22",20.94000053
"2156","2024/01/23",20.73999977
"2157","2024/01/24",20.19000053
"2158","2024/01/25",20.35000038
"2159","2024/01/26",20.20999908
"2160","2024/01/29",20.59000015
"2161","2024/01/30",19.73999977
"2162","2024/01/31",19.43000031
"2163","2024/02/01",19.84000015
"2164","2024/02/02",19.79000092
"2165","2024/02/05",18.98999977
"2166","2024/02/06",20.06999969
"2167","2024/02/07",20.01000023
"2168","2024/02/08",20.37999916
"2169","2024/02/09",20.60000038
"2170","2024/02/12",21.10000038
"2171","2024/02/13",19.90999985
"2172","2024/02/14",20.65999985
"2173","2024/02/15",21.61000061
"2174","2024/02/16",21.03000069
"2175","2024/02/20",20.48999977
"2176","2024/02/21",15.64000034
"2177","2024/02/22",15.21000004
"2178","2024/02/23",14.5
"2179","2024/02/26",14.78999996
"2180","2024/02/27",15.15999985
"2181","2024/02/28",15.09000015
"2182","2024/02/29",15.07999992
"2183","2024/03/01",15
"2184","2024/03/04",14.72999954
"2185","2024/03/05",14.39000034
"2186","2024/03/06",14.57999992
"2187","2024/03/07",15.35000038
"2188","2024/03/08",15.42000008
"2189","2024/03/11",15.59000015
"2190","2024/03/12",15.36999989
"2191","2024/03/13",15.14000034
"2192","2024/03/14",14.84000015
"2193","2024/03/15",15.11999989
"2194","2024/03/18",15.11999989
"2195","2024/03/19",15.02999973
"2196","2024/03/20",15.40999985
"2197","2024/03/21",15.27999973
"2198","2024/03/22",15
"2199","2024/03/25",15.07999992
"2200","2024/03/26",15.05000019
"2201","2024/03/27",15.27000046
"2202","2024/03/28",15.10000038
"2203","2024/04/01",14.85000038
"2204","2024/04/02",14.32999992
"2205","2024/04/03",14.40999985
"2206","2024/04/04",14.25
"2207","2024/04/05",14.48999977
